BALANCE,BALANCE_FREQUENCY,PURCHASES,ONEOFF_PURCHASES,INSTALLMENTS_PURCHASES,CASH_ADVANCE,PURCHASES_FREQUENCY,ONEOFF_PURCHASES_FREQUENCY,PURCHASES_INSTALLMENTS_FREQUENCY,CASH_ADVANCE_FREQUENCY,CASH_ADVANCE_TRX,PURCHASES_TRX,CREDIT_LIMIT,PAYMENTS,MINIMUM_PAYMENTS,PRC_FULL_PAYMENT,TENURE,Cluster,Segment
40.900749,0.818182,95.4,0.0,95.4,0.0,0.166667,0.0,0.083333,0.0,0,2,1000,201.802084,139.509787,0.0,12,3,Revolvers
2495.148862,1.0,773.17,773.17,0.0,0.0,1.0,1.0,0.0,0.0,0,12,7500,622.066742,627.284787,0.0,12,3,Revolvers
1666.670542,0.636364,1499.0,1499.0,0.0,205.788017,0.083333,0.083333,0.0,0.083333,1,1,7500,0.0,,0.0,12,3,Revolvers
817.714335,1.0,16.0,16.0,0.0,0.0,0.083333,0.083333,0.0,0.0,0,1,1200,678.334763,244.791237,0.0,12,3,Revolvers
1809.828751,1.0,1333.28,0.0,1333.28,0.0,0.666667,0.0,0.583333,0.0,0,8,1800,1400.05777,2407.246035,0.0,12,3,Revolvers
1823.652743,1.0,436.2,0.0,436.2,0.0,1.0,0.0,1.0,0.0,0,12,2300,679.065082,532.03399,0.0,12,3,Revolvers
1014.926473,1.0,861.49,661.49,200.0,0.0,0.333333,0.083333,0.25,0.0,0,5,7000,688.278568,311.963409,0.0,12,3,Revolvers
